tissue,mse,mae,r2,pseudo-r2
tassel,tensor(0.4423),tensor(1.7242),0.10025386610211524,-2.5009108554734105
base,tensor(0.4746),tensor(1.7685),0.09593255569331165,-2.4160709722523386
anther,tensor(0.4636),tensor(1.7293),0.06591630647591235,-4.2456013918805064
middle,tensor(0.4415),tensor(1.7357),0.08840549859033742,-2.8228046984069826
ear,tensor(0.4592),tensor(1.7449),0.11521000205777554,-2.421783508854735
shoot,tensor(0.4502),tensor(1.7342),0.10156758273755086,-2.2842850045063146
tip,tensor(0.4476),tensor(1.6853),0.0906484629898775,-2.999541568381056
root,tensor(0.4609),tensor(1.7667),0.09285635438860891,-2.6068342055425333
all,tensor(0.4550),tensor(1.7361),0.09377006300984411,-2.688189052237912
